{
  "فرع القاهرة": [
    {
      "date": "2025-04-23",
      "item": "ساندوتش دجاج",
      "quantity": 30,
      "selling_price": 60,
      "cost_price": 20
    },
    {
      "date": "2025-04-24",
      "item": "ساندوتش دجاج",
      "quantity": 25,
      "selling_price": 60,
      "cost_price": 20
    }
  ],
  "فرع الإسكندرية": [
    {
      "date": "2025-04-23",
      "item": "ساندوتش دجاج",
      "quantity": 20,
      "selling_price": 60,
      "cost_price": 20
    },
    {
      "date": "2025-04-24",
      "item": "ساندوتش دجاج",
      "quantity": 18,
      "selling_price": 60,
      "cost_price": 20
    }
  ]
}